{
  "default": true,
  "MD001": true,
  "MD003": {
    "style": "atx"
  },
  "MD004": {
    "style": "dash"
  },
  "MD007": {
    "indent": 2
  },
  "MD013": {
    "line_length": 120,
    "code_blocks": false,
    "tables": false
  },
  "MD024": {
    "siblings_only": true
  },
  "MD025": true,
  "MD026": {
    "punctuation": ".,;:!"
  },
  "MD029": {
    "style": "ordered"
  },
  "MD033": {
    "allowed_elements": ["br", "details", "summary", "kbd"]
  },
  "MD034": false,
  "MD041": true,
  "MD046": {
    "style": "fenced"
  },
  "MD049": {
    "style": "underscore"
  },
  "MD050": {
    "style": "asterisk"
  }
}
